"","series","baker","baker_last_name","baker_age","baker_occupation","hometown","signature_bake_1","signature_bake_2","signature_bake_3","signature_bake_4","signature_bake_5","signature_bake_6","signature_bake_7","signature_bake_8","signature_bake_9","signature_bake_10","show_stopper_1","show_stopper_2","show_stopper_3","show_stopper_4","show_stopper_5","show_stopper_6","show_stopper_7","show_stopper_8","show_stopper_9","show_stopper_10","technical_1","technical_2","technical_3","technical_4","technical_5","technical_6","technical_7","technical_8","technical_9","technical_10","result_1","result_2","result_3","result_4","result_5","result_6","result_7","result_8","result_9","result_10"
"1",1,"Annetha","Mills",30,"Midwife","Essex","Light Jamaican Black Cakewith Strawberries and Cream","Rose Petal Shortbread",NA,NA,NA,NA,NA,NA,NA,NA,"Red, White & Blue Chocolate Cake with Cigarellos, Fresh Fruit, and Cream","Pink Swirl Macarons / Eclairs",NA,NA,NA,NA,NA,NA,NA,NA,2,7,NA,NA,NA,NA,NA,NA,NA,NA,"IN","OUT",NA,NA,NA,NA,NA,NA,NA,NA
"2",1,"David","Chambers",31,"Entrepreneur","Milton Keynes","Chocolate Orange Cake","Cheddar Cheese and Fresh Rosemary Biscuits","Chilli Bread","Pear and Walnut Pudding",NA,NA,NA,NA,NA,NA,"Black Forest Floor Gateauxwith Moulded Chocolate Leaves, Fallen Fruitand Chocolate Mushrooms Moulded from eggs","Choux Pastry Swans  Chocolate Profiteroles","Walnut and Seed Roll
Red Berry and Almond Bun","Apple and Blackberry Crumble, Rhubarb and Orange Betty, Suet Pear",NA,NA,NA,NA,NA,NA,3,8,4,5,NA,NA,NA,NA,NA,NA,"IN","IN","IN","OUT",NA,NA,NA,NA,NA,NA
"3",1,"Edd","Kimber",24,"Debt collector for Yorkshire Bank","Bradford","Caramel Cinnamon and Banana Cake","Oatmeal Raisin Cookie","Olive Bread","Apple and Plum Pudding","Chicken, Ham, Leek and Tarragon Pie","Cinnamon and Banana Cake",NA,NA,NA,NA,"N/A","Pink Macarons","Tomato and Mozzarella","Apple and Cinnamon Crumble, Nutella Banana Brioche Bread Pudding, Rhubarb and Strawberry Suet Layer","Almond Sweet Pastry with Ginger and Chocolate  Raspberry Tart / Yorkshire Curd Tart  Chickpea and Salami, Red and Yellow Pepper, Asparagus Gruyere Quiche Canapés",NA,NA,NA,NA,NA,1,6,1,3,2,NA,NA,NA,NA,NA,"IN","IN","IN","IN","IN","WINNER",NA,NA,NA,NA
"4",1,"Jasminder","Randhawa",45,"Assistant Credit Control Manager","Birmingham","Fresh Mango and Passion Fruit Hummingbird Cake","Millionaires' Shortbread","Focaccia","Sticky Toffee Pudding with Tropical Fruit & Toffee Sauce","Chicken and Mushroom Pie",NA,NA,NA,NA,NA,"N/A","Meringues with Chocolate and Space DustCoffee flavoured Eclairs","Mango and Sultana Buns
Pan au Chocolat with Mars Bars
Tutti Frutti Wheel with Jelly Tots","Bread & Butter Pudding, Treacle Suet Pudding with Fresh Fruit, Apple and Pineapple Crumble","Jaggery, Carrot, and Spiced Condensed Milk Tart  Fruit and Custard Tart  Thai Chili Red Onion, Duck in Plum Sauce, Salmon and Prawn Canapés",NA,NA,NA,NA,NA,NA,2,5,2,4,NA,NA,NA,NA,NA,"IN","IN","IN","IN","OUT",NA,NA,NA,NA,NA
"5",1,"Jonathan","Shepherd",25,"Research Analyst","St Albans","Carrot Cake with Lime and Cream Cheese Icing","Honey and Candied Ginger Cookies","Anchovy, Sweet Paprika and Oregano Bread",NA,NA,NA,NA,NA,NA,NA,"Three Tiered White and Dark Chocolate with Almond and Cherry","Meringues with Whiskey Cream","Sticky Lemon Honey Bun
Olive and Anchovy Roll
Sundried Tomatoes and Fresh Herbs Roll
Stilton, Walnut and Apple Roll
Cinnamon and Cardamom Chelsea Bun",NA,NA,NA,NA,NA,NA,NA,9,1,6,NA,NA,NA,NA,NA,NA,NA,"IN","IN","OUT",NA,NA,NA,NA,NA,NA,NA
"6",1,"Lea","Harris",51,"Retired","Midlothian, Scotland","Cranberry and Pistachio Cakewith Orange Flower Water Icing",NA,NA,NA,NA,NA,NA,NA,NA,NA,"Raspberries and Cream filled Chocolatewith Chocolate-dipped Fresh Fruit",NA,NA,NA,NA,NA,NA,NA,NA,NA,10,NA,NA,NA,NA,NA,NA,NA,NA,NA,"OUT",NA,NA,NA,NA,NA,NA,NA,NA,NA
"7",1,"Louise","Brimelow",44,"Police Officer","Manchester","Carrot and Orange Cake","Stained Glass Window Shortbread",NA,NA,NA,NA,NA,NA,NA,NA,"Never Fail Chocolate Sponge Cake,with Fresh Fruit, White & Chocolate Cigarello Border","Strawberry, Mint, and Cream Meringues  Chocolate Eclairs / Orange, Yellow and Pink Macarons",NA,NA,NA,NA,NA,NA,NA,NA,NA,4,NA,NA,NA,NA,NA,NA,NA,NA,"IN","OUT",NA,NA,NA,NA,NA,NA,NA,NA
"8",1,"Mark","Whithers",48,"Bus Driver","South Wales","Sticky Marmalade Tea Loaf",NA,NA,NA,NA,NA,NA,NA,NA,NA,"Heart-shaped Chocolate and Beetroot Cake with Store-Bought silver chocolate hearts and chocolate red and white roses.",NA,NA,NA,NA,NA,NA,NA,NA,NA,NA,NA,NA,NA,NA,NA,NA,NA,NA,NA,"OUT",NA,NA,NA,NA,NA,NA,NA,NA,NA
"9",1,"Miranda","Browne",37,"Food buyer for Marks & Spencer","Midhurst, West Sussex","Triple Layered Brownie Meringue Cake
with Raspberry Cream","Fresh Vanilla Biscuits with Royal Icing","Walnut and Apricot Bread","Sticky Toffee Pudding","Summery Salmon, Cod and Prawn Fish Pie","Lemon Cupcake",NA,NA,NA,NA,"Three Tiered Chocolate Fudge Cake  with Handmade Chocolate Button Decorations","Pistachio Macarons","Lemon Iced Buns
Chocolate and Orange Buns","Queen of Puddings, Chocolate Pear Roly Poly, Strawberry and Rhubarb Crumble","Chocolate Pastry filled with Orange Cheesecake  Chocolate Pastry filled with Milk Chocolate Ganche  Strawberry Tart with Red Currant Glaze  Cheesy Crab, Broad Bean and Tomato, Pancetta Risotto Canapés","Eliminated after signature",NA,NA,NA,NA,8,3,3,1,1,NA,NA,NA,NA,NA,"IN","IN","IN","IN","IN","Runner-up",NA,NA,NA,NA
"10",1,"Ruth","Clemens",31,"Retail manager/Housewife","Poynton, Cheshire","Three Tiered Lemon Drizzle Cakewith Fresh Cream and freshly made Lemon Curd","Peanut Shortbread withSalted Peanut Caramel","Maple and Pecan Bread","Peach and Blueberry Boy Bait","Minced Beef Pie","Mint, Ginger and Blackberry Cake",NA,NA,NA,NA,"Classic Chocolate Sponge wrapped in a Chocolate Collartopped with Handmade White and Dark Chocolate Truffles","Almond Macaron with Violet ButtercreamRaspberries and Cream Eclairs","Chocolate and Orange Panettone
Cranberry Bagels","Apple & Ginger Crumble, Rhubarb Suet Crust, Cherry Queen of Puddings","Raspberry and Dark Chocolate Tart  Creme Patisserie and Cherry Tart  Citrus Curd Tart with Creme Brulee top  Tomato, Asparagus Twirl Canapés",NA,NA,NA,NA,NA,NA,5,2,4,3,NA,NA,NA,NA,NA,"IN","IN","IN","IN","IN","Runner-up",NA,NA,NA,NA
"11",2,"Ben","Frazer",31,"Graphic Designer","Northampton","Rhubarb and Custard CupcakesAfter Dinner Cupcakes","Chorizo, Pepper and Gruyere Quiche","Walnut, Raisin and Rosemary Loaf","Stem Ginger Nuts",NA,NA,NA,NA,NA,NA,"Vanilla Sponge with White Chocolate and Raspberry Buttercream","Lemon Meringue Tarts","UNKNOWN","Chocolate and Almond MacaronsPine Nut MacaronsPistachio Macarons",NA,NA,NA,NA,NA,NA,2,1,3,5,NA,NA,NA,NA,NA,NA,"IN","IN","IN","OUT",NA,NA,NA,NA,NA,NA
"12",2,"Holly","Bell",31,"Advertising executive","Leicester","Cherry Bakewell Inspired CupcakesGinger Cupcakes with Fig Truffle","Pesto Quiche","Picnic Loaf","Strawberry and Custard Melts","Stilton, Potato and Caramelised Onion Pie","Father Christmas' Baked Cheesecake","White Chocolate, Hazelnut and Raspberry Genoise Mousse Cake","Banoffee Inspired Mille Feuille",NA,NA,"UNKNOWN","Milk Chocolate and Pistachio TartsTrifle Tarts","Stilton and Walnut Rolls","'Chocolate bars of my youth'
(Caramel Macarons, Mint Chocolate Macarons and Chocolate Orange Macarons)","Lime Meringue Pie","Hansel and Gretel's Croquembouche","Apricot, Macadamia and White Chocolate PinwheelsAlmond CroissantsApple, Raisin and Cinnamon Plaits","Strawberry and Cream Meringue NestGooseberry and Elderflower 'Bakewell' TartsNeapolitan Ice-Cream Sandwich",NA,NA,1,4,6,3,4,3,1,2,NA,NA,"STAR BAKER","IN","IN","STAR BAKER","IN","IN","IN","Runner-up",NA,NA
"13",2,"Ian","Vallance",40,"Fundraiser for English Heritage","Dunstable, Bedfordshire","Apple and Cinnamon Cupcakes","Stilton, Spinach and New Potato Quichewith Paprika and Walnut Pastry","Courgette, Caerphilly Cheese and Thyme Loaf",NA,NA,NA,NA,NA,NA,NA,"UNKNOWN","UNKNOWN","Walnut and Raisin RollsCracked Wheat Logs",NA,NA,NA,NA,NA,NA,NA,10,2,10,NA,NA,NA,NA,NA,NA,NA,"IN","IN","OUT",NA,NA,NA,NA,NA,NA,NA
"14",2,"Janet","Basu",63,"Teacher of Modern Languages","Formby, Liverpool","Raspberry and Cream Cupcakes","Quiche Printanière","Zupfe Loaf with Gruyère Cheese","Christmas Marzipan Biscuits","Chicken and Chestnut Pie","Rhubarb and Ginger Baked Cheesecake","Chocolate Amaretto Mousse Cake",NA,NA,NA,"Chocolate Marble Cakewith Dark and White Chocolate Truffles","Red Fruit TartsChocolate and Cherry Tarts","Apple and Walnut Granary Rolls Red Onion Cottage Rolls","Raspberry Macarons
Blackcurrant Macarons
Almond Macarons","Rhubarb Meringue Pie","Orange and Nougatine Croquembouche","Pain Aux RaisinPlain CroissantPain Au Chocolat",NA,NA,NA,8,8,8,4,1,5,4,NA,NA,NA,"IN","IN","IN","IN","STAR BAKER","IN","OUT",NA,NA,NA
"15",2,"Jason","White",19,"Civil Engineering Student","Croydon","Lemon Meringue CupcakesApple and Cinnamon Cupcakes","Salmon and Pak Choi Quiche","Cheese and Onion Tear and Share Loaf","Lebkuchen","Brown Down Chicken Pie",NA,NA,NA,NA,NA,"UNKNOWN","Mint Chocolate Tarts Blueberry Bakewell Tarts","UNKNOWN","Mocktail Macarons
(Mojito, Cranberry Cooler, and Pina Colada)","Plum Meringue Pie",NA,NA,NA,NA,NA,6,3,7,1,7,NA,NA,NA,NA,NA,"IN","STAR BAKER","IN","STAR BAKER","OUT",NA,NA,NA,NA,NA
"16",2,"Jo","Wheatley",41,"Housewife","Ongar, Essex","Chocolate Orange CupcakesOrange and Cardamom Cupcakes","Caramelised Onion, Gruyere and Thyme Quiche","Stromboli flavored with Mozzarella, Ham, and Picante Pepper","Lavender Biscuits","Salmon and Asparagus Pie","Rum and Raisin Baked Cheesecake","Raspberry & Strawberry Mousse Cake","Raspberry and Blueberry Mille Feuille",NA,NA,"Chocolate and Strawberry Cake","Raspberry and Mascarpone Tarts with Lemon and Almond PastryHoney and Almond Tarts with Sweetcrust","Unknown","Blueberry MacaronsCoconut MacaronsStrawberry Macarons","Apple and Raspberry Meringue Pie","Limoncello and White Chocolate Croquembouche","Pain Aux RaisinChocolate TwistsBanana and Raisin Pastries","Mini Victoria SandwichesRaspberry, White Chocolate and Pistachio Mini MeringuesMini Banoffee Pie with Banana Mousse",NA,NA,NA,NA,NA,NA,NA,NA,NA,NA,NA,NA,NA,NA,NA,NA,NA,NA,NA,NA,NA,NA
"17",2,"Keith","Batsford",31,"House husband","Arlesey, Bedfordshire","Earl Grey Cupcakes",NA,NA,NA,NA,NA,NA,NA,NA,NA,"Chocolate and Sour Cream Cake",NA,NA,NA,NA,NA,NA,NA,NA,NA,12,NA,NA,NA,NA,NA,NA,NA,NA,NA,"OUT",NA,NA,NA,NA,NA,NA,NA,NA,NA
"18",2,"Mary-Anne","Boermans",45,"Housewife","Kidderminster, Worcestershire","Banoffee Cupcakes","Roasted Cauliflower, Cheese andCaramelised Onion Quiche","Ploughman's Loaf","Melting Moments","Chicken and Bacon Pie","Tutti Fruitti Curd Baked Cheesecake","Chocolate and Orange Mousse Cake","Lemon and Ginger Mille Feuille",NA,NA,"Chocolate and Raspberry Opera cake","Butterscotch Brulée Tarts in Pecan PastryApple Rose Tarts","Herb and Walnut BreadsChocolate and Chilli Buns","Blackcurrant and Mint MacaronsGooseberry and Elderflower MacaronsHazelnut Macarons","Midnight Meringue","Orange and Praline Croquembouche with Cardamom Caramel","Raspberry Rose DanishesPraline SpiralsAlsatian Plaited Danishes","Fruit Tarts with Elderflower CustardStrawberry and Rhubarb CheesecakesBlack Fruit Meringue with Everlasting Syllabub",NA,NA,4,9,5,2,2,4,2,3,NA,NA,"IN","IN","IN","IN","IN","IN","IN","Runner-up",NA,NA
"19",2,"Robert","Billington",25,"Photographer","London","Blackberry and Vanilla Cupcakeswith Liquorice Frosting","Smoked Bacon and Kale Quiche","Rye and Coriander Seed Loaf","Chocolate and Ginger Oat Biscuits","Chicken and Mushroom Pie",NA,NA,NA,NA,NA,"Genoise Layered Mousse Cakewith Chocolate Ganache","Chocolate, Fennel and Ginger TartAlmond, Creme Patissiere and Poached Pear Tart","Blueberry Brioche RollsLemon and Poppy Seed Rolls","Strawberry and Lime MacaronsLemon MacaronsChocolate and Cardamom Macarons","Rhubarb and Custard Meringue Pie",NA,NA,NA,NA,NA,3,5,4,7,3,NA,NA,NA,NA,NA,"IN","IN","IN","IN","OUT",NA,NA,NA,NA,NA
"20",2,"Simon","Blackwell",31,"Rugby Coach","Norfolk","Guinness and Chocolate Cupcakes","Smoked Haddock and Watercress Quiche",NA,NA,NA,NA,NA,NA,NA,NA,"Two-Tiered Chocolate Courgette Cake","Passion Fruit and Ricotta TartsSalted Chocolate, Stem Ginger and Mascarpone Cream Tarts",NA,NA,NA,NA,NA,NA,NA,NA,9,11,NA,NA,NA,NA,NA,NA,NA,NA,"IN","OUT",NA,NA,NA,NA,NA,NA,NA,NA
"21",2,"Urvashi","Roe",40,"Head of Marketing","Enfield, London","Cherry Blossom CupcakesJapanese Lime Cupcakes","Crab, Coriander and Coconut Quiche","Salt and Peppercorn Loaf",NA,NA,NA,NA,NA,NA,NA,"UNKNOWN","Strawberry and Basil TartsElderflower and Honeycomb Tarts","Chilli and Halloumi RollsLemon and Coriander Mini Loaves",NA,NA,NA,NA,NA,NA,NA,7,7,9,NA,NA,NA,NA,NA,NA,NA,"IN","IN","OUT",NA,NA,NA,NA,NA,NA,NA
"22",2,"Yasmin","Limbert",43,"Childminder","West Kirby, The Wirral","Cardamom and Pomegranate Cupcakes","Smoked Haddock and Watercress Quiche","Egyptian Dukkah Loaf with Mixed Spices","Chocolate Chip and Pistachio Biscotti","Family Fish Pie","Baked Amaretto Cheesecake",NA,NA,NA,NA,"UNKNOWN","Chocolate and Orange with Cinnamon-Orange Pastry TartsBlueberry and Hazelnut with Hazelnut Pastry Tarts","Pesto Bread
Sweet Coconut Rolls","Chocolate and Lime MacaronsCoffee and Walnut MacaronsPineapple and Coconut Macarons","Peach and Raspberry Meringue Pie","Rose Croquembouche",NA,NA,NA,NA,5,6,2,6,5,2,NA,NA,NA,NA,"IN","IN","STAR BAKER","IN","IN","OUT",NA,NA,NA,NA
"23",3,"Brendan","Lynch",63,"Recruitment consultant","Sutton Coldfield","Plum, Sour Cherry & Walnut","Middle Eastern Taboon BreadIndian Rotis","Apple and Ginger Tarte Tatin","Clementine and Chestnut Torte","Salmon Coulibiac in a Scandinavian Pastry","Rhubarb, Strawberry and Ginger Puddings
Sticky Toffee Puddings","Chelsea Bunskis","Multi-Seed Savoury Crackers","Coffee Meringue and Hazelnut CreamsApricot and Pistachio FriandsLime Curd Choux Pastry Cygnets","Potato and Pepper Pithivier","UNKNOWN","Chocolate and Vanilla Bagels
Cumin and Gruyere Bagels","Blackberry, Nectarine and Dragon Fruit Tart","Pear, Chocolate and Hazelnut Dacquoise","All American Chiffon Pie","Spinach, Cheese and Walnut Strudel","Black Forest Christmas Stollen","Fantasy Gingerbread Bird House","Gateau St. Honoré","Family Reunion Chiffon Cake",10,4,9,1,3,1,4,2,3,2,"IN","IN","IN","STAR BAKER","IN","STAR BAKER","IN","IN","IN","Runner-up"
"24",3,"Cathryn","Dresser",27,"Shop assistant","Pease Pottage, West Sussex","Apple, Hazelnut and Calvados","Spiced Mango NaanLime, Coriander and Chilli Tortillas","Plum, Cherry and Five Spice Tarte Tatin","White Chocolate, Macadamia and Coffee Torte","Full English Wellington","Chocolate Walnut Whip Puddings
Elderflower Sponges","Lady Arundel's Manchet Buns","Cheese and Pickle Crackers",NA,NA,"Hidden Cupcake Cake","Cranberry and Orange Bagels
Chipotle, Chili, and Smoked Cheddar Bagels","Raspberry, Pistachio and Lemon Tart","Gooseberry, Almond and Honey Meringue","Chocolate and Peanut Butter Pumpkin Pie","Roasted Vegetable Couscous and Sheep Cheese Strudel","Bonfire Night Tear 'n' Share Brioche","Gingerbread Buckingham Palace",NA,NA,5,8,3,3,1,3,5,5,NA,NA,"IN","IN","IN","IN","IN","IN","IN","OUT",NA,NA
"25",3,"Danny","Bryden",45,"Intensive care consultant","Sheffield","Plum, Ginger & Orange","Lime Coriander and Coconut TortillasZaatar Naan with Dukkah","Savoury Pear and Roquefort Tarte Tatin","Blackberry, White Chocolate, Lemon and Elderflower Torte","Chickpea, Spinach & Mushroom Wellington","Banoffee Puddings with Walnut Butterscotch SauceJubilee Chocolate Fondants","Bakewell Chelsea Buns","Spiced Almond Drinks Crackers","Blackberry and Peppermint MacaroonsMiniature Raspberry and Basil FinanciersOrange and White Chocolate Langues de Chat",NA,"UNKNOWN","UNKNOWN","Pineapple, Coconut and Frangipane Tart","'Monte Bianco' Chestnut, Chocolate and Coffee Dacquoise","Trick or Treat Pumpkin Pie","Leek, Potato, Pistachio and Gruyère Strudel","European Christmas Wreath","Gingerbread Big Ben","Rosewater and Lychee St. Honoré",NA,7,3,2,2,7,2,2,4,4,NA,"IN","IN","IN","IN","IN","IN","STAR BAKER","IN","OUT",NA
"26",3,"James","Morton",21,"Medical student","Hillswick, Shetland Islands","Parsnip, Pear, and Pecan","Tomato, Garlic, and Parmesan FlatbreadsTattie Scones","Apple and Lavender Tarte Tatin","Hazelnut, Chocolate and Passionfruit Torte","Four Pig Wellington","Banana and Clove PuddingsClootie Dumplings","Easter Chelsea Buns","Smoky Cayenne, Cumin and Chilli Crackers","Lemon and Rhubarb TartletsChocolate Indulgence Petits FoursChilli, Lime and Raspberry Macaroons","Spanish Pithivier with Chorizo and Red Pepper","""Simmer Dim"" Sunset Cake","Orange, Mint and Chocolate Bagels
'Millers' Sourdough Bagels","Rose, Lychee and Raspberry Fruit Tart","Fig, Chestnut, Cherry and Chocolate Layered Meringue","Sweet Potato Pie","Strawberry, Rhubarb and Ginger Strudel","Whisky Kugelhopf-Brioche Baba","Gingerbread Barn","Coffee, Caramel and Hazelnut Paris-Brest","United Chiffon Cakes",2,2,1,5,6,7,1,1,1,1,"IN","IN","STAR BAKER","IN","IN","IN","IN","STAR BAKER","STAR BAKER","Runner-up"
"27",3,"John","Whaite",22,"Law student","Wigan","Toffee Apple, Orange & Cranberry","Coriander and Chilli RotisGarlic, Pomegranate and Potato Pitas","Apple and Vanilla Tarte Tatin with Walnut Praline","'Torte Noir' Black Forest Torte with Boozy Cream","Venison and Haggis Wellington","Spicy Toffee PuddingsRaspberry and White Chocolate Puddings","Cherry and Almond Saffron Buns","Asian Spice Crackers","Lemon MadeleinesWhite Chocolate and Raspberry TartletsDark Chocolate and Cherry Macaroons","Italian Sausage and Roasted Vegetable Pithivier","Hidden Pink Hearts Cake","Fig, Walnut and Gruyere Bagels
Blueberry and White Chocolate Bagels","Berries, Grapes, Pomegranate, and Dragon Fruit Tart","Elderflower and Bramble Berry Pavlova","Star-Spangled Pecan Pie","Did not complete due to injury","Marzipan Stollen","Gingerbread Roman Coliseum","Gateau St. Honoré a la Passion","Heaven and Hell Chiffon Cake",11,1,6,6,2,5,3,3,2,2,"IN","STAR BAKER","IN","IN","IN","IN","IN","IN","IN","WINNER"
"28",3,"Manisha","Parmar",27,"Nursery nurse","Leicester","Vanilla, Peach and Raspberry","Indian FlatbreadsItalian Flatbreads","Cinnamon, Apple and Pear Tarte Tatin","Almond, Chocolate and Cherry Torte","Lamb Wellington with Rosemary and Mint",NA,NA,NA,NA,NA,"White Chocolate Cake with a Red Velvet and White Chocolate Mousse Heart","UNKNOWN","Rum and Tropical Fruit Tart","Tiramisu Layered Meringue Dessert","Banana Scotch Pie",NA,NA,NA,NA,NA,6,6,10,9,5,NA,NA,NA,NA,NA,"IN","IN","IN","IN","OUT",NA,NA,NA,NA,NA
"29",3,"Natasha","Stringer",36,"Midwife","Tamworth, Staffordshire","Pineapple & Passion Fruit",NA,NA,NA,NA,NA,NA,NA,NA,NA,"Mother's Day Layered Rose Cake",NA,NA,NA,NA,NA,NA,NA,NA,NA,12,NA,NA,NA,NA,NA,NA,NA,NA,NA,"OUT",NA,NA,NA,NA,NA,NA,NA,NA,NA
"30",3,"Peter","Maloney",43,"Sales manager","Windsor, Berkshire","Pear, Muscat & Chocolate","Fennel and Nigella Seed NaanBannock Bread",NA,NA,NA,NA,NA,NA,NA,NA,"Jubilee Cake","Rosemary and Sea Salt Bagels
Apple and Cinnamon Bagels",NA,NA,NA,NA,NA,NA,NA,NA,3,11,NA,NA,NA,NA,NA,NA,NA,NA,"IN","OUT",NA,NA,NA,NA,NA,NA,NA,NA
"31",3,"Ryan","Chong",38,"Photographer","Bristol","Kumquat and Orange Polenta","Shanghai Spring Onion FlatbreadsGarlic and Coriander Naan","Spiced Pear Tarte Tatin","Green Tea Opera Torte","Curry Spiced Seabass Wellington","Chocolate FondantsSticky Ginger and Date Puddings","Lardy Cakes",NA,NA,NA,"Hidden Flowerbed Mousse Cake","Cinnamon and Date Bagels
Tarragon and Rosemary Bagels","UNKNOWN","Strawberry, Rose and Pistachio Meringue","Key Lime Pie","Apple, Sour Cherry, Raisin and Mixed Nuts Strudel","Char Siu Bao",NA,NA,NA,8,5,5,7,8,6,6,NA,NA,NA,"IN","IN","IN","IN","STAR BAKER","IN","OUT",NA,NA,NA
"32",3,"Sarah-Jane","Willis",28,"Vicar's wife","Bewbush, West Sussex","Pear, Chocolate and Hazelnut","Toasted Coconut and Lime RotisOatcakes","Caramelised Banana Tarte Tatin","Chocolate and Almond Truffle Torte","Beef Wellington with Parma Ham and Gorgonzola Cheese","Sticky Toffee PuddingsGranny's Saucy Lemon Puddings","Orange, Nutmeg and Saffron Buns",NA,NA,NA,"Hidden Crown Cake","UNKNOWN","French Apple Tart with Blackberry and Cassis Jam","Hazelnut Tiramisu Layered Meringue","Chocolate and Banana Cream Pie","Sweet Strudel with Sour Cherries","Sour Cherry and Dark Chocolate Christmas Plait",NA,NA,NA,1,10,8,4,4,4,7,NA,NA,NA,"IN","IN","IN","IN","IN","IN","OUT",NA,NA,NA
"33",3,"Stuart","Marston-Smith",26,"PE teacher","Lichfield, Staffordshire","Tomato and Ginger","Bombay BreadChorizo and Spring Onion Naan","Pear and Almond Tarte Tatin","Black Forest Torte",NA,NA,NA,NA,NA,NA,"Lemon and Pistachio Union Flag Cake","Cinnamon and Cranberry Bagels
Tomato and Thyme Bagels","Raspberry Triple Chocolate Layered Tart","Choca Blocka Mocha Meringue",NA,NA,NA,NA,NA,NA,9,9,7,8,NA,NA,NA,NA,NA,NA,"IN","IN","IN","OUT",NA,NA,NA,NA,NA,NA
"34",3,"Victoria","Chester",50,"CEO of the charity Plantlife","Somerset","Pear and Pecan","Coriander and Lemon NaanGarlic and Parsnip Chapatis","Fig, Walnut and Pink Peppercorn Tarte Tatin",NA,NA,NA,NA,NA,NA,NA,"Blackbird Pie Cake","Saffron and Golden Raisin Bagels
Porcini Bagels","Tropical Fruit Tart with Black Pepper Crust",NA,NA,NA,NA,NA,NA,NA,4,7,4,NA,NA,NA,NA,NA,NA,NA,"STAR BAKER","IN","OUT",NA,NA,NA,NA,NA,NA,NA
"35",4,"Ali","Imdad",25,"Charity worker","Saltley, Birmingham","Rose and Pistachio Cake","Italian Grissini","Coconut, Raspberry and Lemon Meringue Trifle","Apple and Ginger Pie with a Pecan and Walnut Shortcrust Pastry",NA,NA,NA,NA,NA,NA,"Chocolate, Raspberry and Passion Fruit Engagement Cake","Sweet and Savoury Yin Yang Bread","Vanilla Latte Mini CakesLime & Mint Shortbread Pops","Orange, Cardamom and Date M'Hanncha",NA,NA,NA,NA,NA,NA,11,9,5,8,NA,NA,NA,NA,NA,NA,"IN","IN","IN","OUT",NA,NA,NA,NA,NA,NA
"36",4,"Beca","Lyne-Pirkis",31,"Military Wives' Choir Singer","Aldershot, Hampshire","Grapefruit Sandwich Cake","Fennel and Chilli Breadsticks","Orange and Ginger Trifle","Mamgu's Cherry-Apple Tart","Chocolate, Cherry and Hazelnut Brownies","Bara Brith","Spring Lamb and Vegetable Suet Puddingwith Redcurrant Gravy","Potato, Spelt and Rosemary Focaccia","Stilton and Walnut MacaronsBeetroot and Salmon Choux PuffsWelsh Rarebit Tartlets",NA,"Chocolate Cherry Indulgence","Five Strand Christmas Wreath","Limoncello and Blueberry BurstsMillionaire Shortbread","Moroccan Vegetable Filo Feast","Tiered Macaron and Sugar Dough Biscuit Centrepiece","Chocolate and Rum-Soaked Prune BriochesCardamom Spiced Lemon Iced Buns","Nectarine and Frangipane SquaresChocolate and Hazelnut Vol-au-ventsStrawberries and Cream Mille-feuille","Spiced Butternut Squash and Pecan 'Cheese' Cake","Banoffee Opera Cake",NA,8,11,10,2,5,6,1,4,3,NA,"IN","IN","IN","IN","IN","IN","IN","IN","OUT",NA
"37",4,"Christine","Wallace",66,"Director of an engraving company","Didcot, Oxfordshire","Strawberry, Vanilla and Rosewater Summer Basket","Mediterranean Breadsticks with Oregano","Caribbean Pina Colada Trifle","Granny Rogers' Apple, Plum & Cinnamon Country Pie","Mixed Berry and Almond Crumble Traybake","Oxford Nutty Fruit Loaf","Spotted Dick 'With a Kick'and Vanilla Custard Ice Cream","Multi-Seeded Loaf with Pumpkin, Sesame and Sunflower Seeds",NA,NA,"Chocolate and Orange 'Fripperous' Hat Cake","Double Plaited Loaf","Ninety-NinersSachertorte Parcels","Roasted Vegetable Filo Pie with Feta Cheese","Shortbread Bavarian Clock Tower","Schnecken BunsVanilla Custard Skolebrød","Eccles CakesFresh Fruit BasketsLemon Cream Eton Mess Mille-feuille","Sweet Potato Guitar with Passion Fruit Icing and Marshmallow Fondant",NA,NA,3,4,4,7,1,4,6,5,NA,NA,"IN","IN","STAR BAKER","IN","STAR BAKER","IN","IN","OUT",NA,NA
"38",4,"Deborah","Manger",51,"Dentist","Peterborough","Pineapple Cake","Fennel & Chilli Breadsticks","Tropical Trifle*",NA,NA,NA,NA,NA,NA,NA,"'Coffee Time'","Walnut Fleur Loaf","Canelé Cherry and Chocolate CakesRose Cookies",NA,NA,NA,NA,NA,NA,NA,9,8,9,NA,NA,NA,NA,NA,NA,NA,"IN","IN","OUT",NA,NA,NA,NA,NA,NA,NA
"39",4,"Frances","Quinn",31,"Children's Clothes Designer","Market Harborough, Leicestershire","Giant Jam Sandwich","Giant Matchsticks","Apple and Blackberry Crumble Trifle","Peach Pie In the Sky","Millionaire Banoffee Bonus","Chai Tea Loaf","Figgy Roll-y Poly Puddingwith Caramelised Walnut and Honey Ice-Cream","'Chelsea Flour Show' Bun Bouquet","Legume Canapés:
Chantenay CarrotsChoux Pastry TomatoesCauliflower Cheese Scones","Rainbow Picnic Pie","Secret Squirrel Cake","Sailor's Knot","'Ballet Bites' Ginger NutcrackersSugar Plum Fairy Cakes","Cherry Tree Baklava Filo Pie","Biscuit Buttons and Beads","Hot Cross BriochesRhubarb and Custard Kolaches","French Framboise Cream HornsSheet Music Mille-feuilleBass Clef Palmiers","Hidden Carrot Cake (Ground Praline, Beetroot and Walnut)","Great British Soap Opera Cake","Midsummer Night's Dream Wedding Cake",7,2,8,1,3,2,5,3,2,3,"IN","IN","IN","IN","IN","IN","STAR BAKER","IN","IN","WINNER"
"40",4,"Glenn","Cosby",37,"English Teacher","Teignmouth, Devon","Strawberries and Cream Cake","Rosemary and Parmesan Grissini","Raspberry and Almond Trifle","Apple & Maple Syrup Pie","Apricot and Pistachio Tiffin","Devonshire Panettone","Prune and Armagnac Puddingwith Boozy Butterscotch Sauce",NA,NA,NA,"Almond and Espresso Chocolate Cake","Harvest Crown","Billionaire BouchéesOrange Financiers","Spanakopita (Walnut and Feta Cheese)","Shortbread and Macaron Helter-Skelter","Almond and Apricot BriochesSticky Caramel Kanelbullen","Caramelised Apple and Marzipan TartletsChocolate Elephant EarsPassion Fruit Mille-feuille",NA,NA,NA,4,7,1,9,2,5,3,NA,NA,NA,"IN","IN","IN","IN","IN","IN","OUT",NA,NA,NA
"41",4,"Howard","Middleton",51,"Council Worker","Sheffield","Passion Fruit and Coconut Cake","Moroccan Breadsticks","Caramel and Apple Trifle*","Apple Pie with Sage Pastry","Breakfast Traybake","Date & Hemp Yorkshire Loaf",NA,NA,NA,NA,"Black Forest Revisited","Picasso Sun Bread","Black Coffee and Cardamom CakesWhite Stilton and Pear Biscuits","Fresh Fig and Feta Filo Flan","Japanese Pagoda Tea Tower","Peachy BunsGerman Baumschnecken",NA,NA,NA,NA,6,10,7,5,8,7,NA,NA,NA,NA,"IN","IN","IN","IN","IN","OUT",NA,NA,NA,NA
"42",4,"Kimberley","Wilson",30,"Psychologist","London","Blood Orange Cake","Nigella Seed and Parmesan Breadsticks","Peach, Almond and Ginger Trifle","Pecan and Rosemary Caramel Apple Pie","Cherry and Almond Bakewell Florentine Slice","Chai Spiced Ginger and Date Tea Loaf","Barberry and Apple Spotted Dickwith Maple Syrup and White Chocolate Custard","Wild Garlic Pesto and Parma Ham Spelt Loaf","Pea Purée TartsCrab and Wasabi ProfiterolesSteamed Buns with Barbecue Chicken","Chicken and Pig Pie","Chocolate, Raspberry & Basil Layer Cake","Peace Bread","Chocolate Pistachio FinanciersLemon Bergamot Biscuits","Chicken, Bacon and Butternut Squash Pie","Black and White Viennese Biscuit Stack","Double Chocolate and Hazelnut BriochesDanish Kanelsnurrer","Pear, Malt and Butterscotch Mille-feuilleBlackberry and Lemon Verbena Crème Brûle Custard TartsFig, Orange and Thyme Galette","Butternut Squash and Spice Cake Toadstool House","Passion Fruit and Lime Opera Cake","Languages of Love Wedding Cake",10,1,6,4,7,3,4,2,1,1,"IN","IN","IN","STAR BAKER","IN","IN","IN","IN","STAR BAKER","Runner-up"
"43",4,"Lucy","Bellamy",38,"Horticulturist","Grimsby, Lincolnshire","Timperley Early Cake","Grissini with Salt",NA,NA,NA,NA,NA,NA,NA,NA,"Thyme 'Wildwood' Cake","Roast Tomato Bread",NA,NA,NA,NA,NA,NA,NA,NA,2,12,NA,NA,NA,NA,NA,NA,NA,NA,"IN","OUT",NA,NA,NA,NA,NA,NA,NA,NA
"44",4,"Mark","Onley",37,"Carpenter and Kitchen Fitter","Milton Keynes","Lemon and Poppy Seed Cake","Rosemary & Raisin Breadsticks","Ginger, Mango and Passion Fruit Trifle",NA,NA,NA,NA,NA,NA,NA,"Chocolate Monster","Sage & Garlic Plait","Rose and Pistachio MacaroonsChocolate and Raspberry Bites",NA,NA,NA,NA,NA,NA,NA,5,6,11,NA,NA,NA,NA,NA,NA,NA,"IN","IN","OUT",NA,NA,NA,NA,NA,NA,NA
"45",4,"Robert","Smart",54,"Space Satellite Designer","Melbourn, Cambridgeshire","Pecan and Apple Cake","Twisty Rye Bread Sticks","Rhubarb and Orange Trifle","Apple and Pear Pie with Thyme","Blueberry & Orange Traybake",NA,NA,NA,NA,NA,"Raspberry Chocolate Cake","Tribute Loaf","Almond FriandsTurǫn Macaroons","Spanakopita with St George's Mushrooms","Dalek",NA,NA,NA,NA,NA,1,5,2,3,4,NA,NA,NA,NA,NA,"STAR BAKER","IN","IN","IN","OUT",NA,NA,NA,NA,NA
"46",4,"Ruby","Tandoh",20,"History of Art and Philosophy Student","Southend, Essex","Rhubarb and Custard Sandwich Cake","Mexican Breadsticks","Desert Island Trifle","Apple and Marzipan Pie","Blackberry and Lemon Bakewell Slice","Citrus Tea Loaf","Plum Jam Roly-Polywith Ginger Ice cream","Mango and Nigella Seed Spelt Cob","Beetroot Jelly on Poppy Seed BiscuitsSpinach, Parmesan and Egg TartletsChoux Buns with Goat's Cheese and Caramelised Onions","Picnic Basket Pie","Chocolate and Ginger Night Sky Cake","White Chocolate and Orange Peacock Bread","Lemon Shortbread and White Chocolate SeashellsBlackberry and Chocolate Layer Cakes","Rose, Almond and Raspberry Filo Pie","'Dropped Ice-Cream' Biscuit Centrepiece","Twisted Swedish KanelbullarSaffron St. Lucia Buns","Raspberry and Passion Fruit Mille-feuilleCaramelised Apple LatticePortuguese Custard Tarts","Carrot Cake and Pistachio Garden Plot","Chocolate, Almond Praline and Saffron Opera Cake","Raspberry, Lemon and Passion Fruit Wedding Cake",12,3,3,6,6,1,2,1,4,2,"IN","STAR BAKER","IN","IN","IN","STAR BAKER","IN","STAR BAKER","IN","Runner-up"
"47",4,"Toby","Waterworth",30,"Web Programmer","Reading, Berkshire","Spiced and Iced Carrot Cake",NA,NA,NA,NA,NA,NA,NA,NA,NA,"Two Tiered Chocolate Cake",NA,NA,NA,NA,NA,NA,NA,NA,NA,13,NA,NA,NA,NA,NA,NA,NA,NA,NA,"OUT",NA,NA,NA,NA,NA,NA,NA,NA,NA
"48",5,"Chetna","Makan",35,"Fashion Designer","Broadstairs, Kent","Cardamom, Pistachio and Coffee Swiss Roll","Fenugreek and Carom Crackers","Onion and Pine Nut Rolls","Rhubarb, Strawberry and Orange Puddings","Rice Custard Tart with Mangoes and Raspberries","Orange Savarin with Cinnamon Cream","Crispy Lentil Kachori","Date and Walnut Swirl Bread","Chocolate Orange Baklava Masala Chai Baklava",NA,"Tiered Victoria Sponges with Lemon Curd and Raspberry Cream","Day On The Beach","Rolled and Filled Twin Loaf","Mango, Raspberry and Coconut Baked Alaska","Fusion Tiered Pies","Almond Liqueur Dobos Torte with Chocolate Caramel Buttercream","Chocolate and Mango & Lemon Meringue Éclairs","Chocolate Mousse Filled DoughnutsBraided Doughnuts","Chocolate, Orange & Nut EntremetsCappuccino Entremets",NA,3,8,8,3,2,2,6,1,4,NA,"IN","IN","IN","IN","IN","STAR BAKER","IN","IN","OUT",NA
"49",5,"Claire","Goodwin",31,"Speech Therapist","Ashton upon Mersey, Trafford","Chocolatey Orangey Swirly Roll",NA,NA,NA,NA,NA,NA,NA,NA,NA,"Mini Chocolate and Cherry Cakes",NA,NA,NA,NA,NA,NA,NA,NA,NA,8,NA,NA,NA,NA,NA,NA,NA,NA,NA,"OUT",NA,NA,NA,NA,NA,NA,NA,NA,NA
"50",5,"Diana","Beard",69,"Women's Institute (WI) Judge","Alkington, Shropshire","Mum's Sunday Tea Lemon Curd Swiss Roll","Parmesan Triangles","Rustic Picnic Rolls","Orange and Lemon Curd Pots",NA,NA,NA,NA,NA,NA,"Chocolate Ganache Surprises","Express, First Class","Sharing Savoury Pinwheel","Raspberry Ripple Alaska Swan",NA,NA,NA,NA,NA,NA,5,7,7,9,NA,NA,NA,NA,NA,NA,"IN","IN","IN","IN","WD","IN","IN","IN","IN","IN"
"51",5,"Enwezor","Nzegwu",39,"Business Consultant","Portsmouth, Hampshire","Raspberry and Lemon Swiss Roll","Pumpkin and Sunflower Savoury Biscuits",NA,NA,NA,NA,NA,NA,NA,NA,"Coffee and Walnut Battenberg Squares","Space Adventure Moon Scene",NA,NA,NA,NA,NA,NA,NA,NA,9,9,NA,NA,NA,NA,NA,NA,NA,NA,"IN","OUT",NA,NA,NA,NA,NA,NA,NA,NA
"52",5,"Iain","Watters",31,"Construction Engineer","London/Belfast","Apricot and Basil Swiss Roll with Mascarpone and White Chocolate Cream","Za'atar and Fig Biscuits","Cranberry and Walnut Rye Bread Rolls","Chocolate, Lime and Raspberry Fondants",NA,NA,NA,NA,NA,NA,"Lemon Drizzle Cakes with Mascarpone Filling, Drizzled Icing, and Candied Lemon","Wild West Scene","Moroccan Plaited with a Bessara Dip","Chocolate, Black Sesame Seed and Coffee Caramel Baked Alaska (not presented)",NA,NA,NA,NA,NA,NA,4,11,9,6,NA,NA,NA,NA,NA,NA,"IN","IN","IN","OUT",NA,NA,NA,NA,NA,NA
"53",5,"Jordan","Cox",32,"IT Manager","Sneinton, Nottingham","Kawaii Frasier Swiss Roll","Sourdough, Parmesan and Chilli Biscuits","Rye and Spelt Bread Rolls",NA,NA,NA,NA,NA,NA,NA,"Lemon Drizzle Cakes with Blueberry and Lemon Curd","Monster Attack","Strawberry Raspberry Cheesecake Brioche",NA,NA,NA,NA,NA,NA,NA,12,6,10,NA,NA,NA,NA,NA,NA,NA,"IN","IN","OUT",NA,NA,NA,NA,NA,NA,NA
"54",5,"Kate","Henry",41,"Furniture Restorer","Brighton, East Sussex","Red Velvet and White Chocolate Swiss Roll","Parmesan and Apple Biscuits","Orange and Cardamom Rye Bread Knots","Chocolate and Salted Caramel Molten Puddings","Rhubarb and Custard Tart","Pecan, Chocolate and Sour Cherry Yeast Cake","Spinach and Paneer Spicy Samosa",NA,NA,NA,"Mini Tiered Victoria Sponges","Tea Time","Prosciutto, Olive and Coriander Bread","Pistachio, Raspberry and Chocolate Baked Alaska","Rhubarb, Prune and Apple Pies","Trio of Dobos Tortes","Neapolitan & Lemon Meringue Éclairs",NA,NA,NA,6,4,1,7,3,6,4,NA,NA,NA,"IN","IN","IN","IN","STAR BAKER","IN","OUT",NA,NA,NA
"55",5,"Luis","Troyano",42,"Graphic Designer","Poynton, Cheshire","Spanish Swiss Roll","Black Olive and Rosemary Biscuits with Caramelised Onion Glaze","Opposites Attract Rolls","Pears in Puddings","Tropical Manchester Tart","Apple and Cinnamon Kugelhopf with Honeyed Apples","Childhood Empanadas","Black Forest Cherry Tree","Indian Rose BaklavaHalwa Baklava Rolls","Apple, Walnut, Raisin and Cheshire Cheese ChaussonsPain au Chocolat Blanc with Raspberries and Cream Cheese","Raspberry and Lemon Genoise Slices with Lemon Drizzles","George Versus The Dragon","Roscón de Reyes","Bakewell Alaska","Four Fruity Seasons Tower","The Cage on the Rocky Hill","Stars and Stripes Éclairs
(Blueberry Cheesecake & Peanut Butter and Jelly Éclairs)","Cocktail Doughnuts
(Mudslide & Raspberry Mojito)","Chocolate Mousse & Cherry EntremetsPomegranate, Fig & Pistachio Sponges","Village in Chocolate",7,3,2,2,6,3,5,2,1,2,"IN","IN","STAR BAKER","IN","IN","IN","IN","IN","IN","Runner-up"
"56",5,"Martha","Collison",17,"Student","Ascot, Berkshire","Tiramisu Swiss Roll","Caramelised Onion and Goat's Cheese Sandwich Biscuits","Date and Walnut Rye Rolls","Peanut Butter Chocolate Fondants","Pistachio, Apricot and Honey Custard Tart","Dark Chocolate and Almond Liqueur Savarin","Mini Beef Wellingtons","Spiced Plum Iced Bread Swirl",NA,NA,"Mini Lemon and Thyme Drizzle Cakes","Ski Village Scene","Stuffed Sunflower Loaf","Key Lime Baked Alaska","Three Little Pigs Pie","Chess-Themed Chocolate and Salted Caramel Dobos Torte","Rhubarb and Custard & Maple Syrup and Bacon Éclairs","Glazed Lemon & Poppy Seed DoughnutsChocolate & Passion Fruit Doughnuts",NA,NA,2,5,3,1,1,4,3,5,NA,NA,"IN","IN","IN","IN","IN","IN","IN","OUT",NA,NA
"57",5,"Nancy","Birtwhistle",60,"Retired Practice Manager","Barton-upon-Humber, Lincolnshire","Coffee and Hazelnut Swiss Roll","Fennel and Rye Thins","Cider and Walnut Crusty Rolls","Pistachio Puddings with Chocolate Sauce","Chocolate Crusted Passion Fruit Tart","Rum Punch Savarin with Coconut Cream and Tropical Fruits","Spicy Duck Pasties","Lincolnshire Plum Braid","Coffee and Chocolate BaklavaBreakfast Baklava","Apple and Lemon KitesRaspberry and Almond Croissants","Jaffa Orange Cakes","Hansel and Gretel Scene","'Full English' Stromboli","Summer Pudding Alaska","Trio of Apple Pies","Chocolate and Caramel Dobos Torte","Smoked Salmon and Horseradish & Raspberry Ripple Éclairs","Doughnut Family Tree
(Limoncello and Almond & Milk Chocolate and Orange)","Raspberry NonnettesLime and Passion Fruit Entremets","Red Windmill",1,2,5,4,4,1,2,3,3,1,"STAR BAKER","IN","IN","IN","IN","IN","IN","IN","IN","WINNER"
"58",5,"Norman","Calder",66,"Retired Naval Officer","Portknockie, Moray","Black Forest Swiss Roll","Farthing Biscuits","Rye Bread Rolls","Mini Sticky Toffee Puddings","Tarte au Citron",NA,NA,NA,NA,NA,"Almond and Raspberry Mini Cakes","Zulu Boats at Dawn","Chicken and Roasted Vegetable Picnic Loaf","Baked Alaska with Strawberry Surprise","Pieful Tower",NA,NA,NA,NA,NA,11,10,4,8,5,NA,NA,NA,NA,NA,"IN","IN","IN","IN","OUT",NA,NA,NA,NA,NA
"59",5,"Richard","Burr",38,"Builder","Mill Hill, London","Pistachio and Strawberry Swiss Roll","Rosemary Seeded Crackers","Rye and Cranberry Rolls","Black Forest Chocolate Fondants","Fig and Orange Tart","Fruity Guglhupf with an Orange Glaze","Minted Lamb Pasties","Fruit Swedish Tea Ring","Rose and Pistachio BaklavaWalnut and Almond Baklava","Pear Pain au ChocolatPain Au Lait","Miniature Coffee & Walnut Cakes","Pirates!","Pesto Pinwheel","Tiramisu Baked Alaska","Three Course Autumn Pie Feast","Sugar Forest Dobos Torte","Stair of Éclairs
(Lavender and Blueberry & Rose and Raspberry Éclairs)","Rhubarb and Custard and Toffee Apple Doughnuts","Hazelnut Mocha EntremetsPink Grapefruit Entremets","Mill on the Hill",10,1,6,5,7,5,1,4,2,3,"IN","STAR BAKER","IN","STAR BAKER","IN","IN","STAR BAKER","STAR BAKER","STAR BAKER","Runner-up"
"60",6,"Alvin","Magallanes",37,"Nurse","Bracknell, Berkshire","Orange Vanilla and Fig Madeira Cake","Jackfruit, Pistachio and Macadamia Biscotti","Prosciutto, Manchego and Balsamic Onion Soda Breads","Blackberry Crème Brûlées","Pineapple Upside Down Cake","Plum Frangipane Tart",NA,NA,NA,NA,"Black Forest Gâteau","Gingerbread Box filled with Brandy Snaps","Cornucopia","Tower of Fruits Cheesecakes","Buko Pandan, Mango and Passion Fruit Ice Cream Roll","Smoked Salmon En Croûte and Vermouth Chicken à la King Vol-au-vents",NA,NA,NA,NA,2,6,4,9,8,6,NA,NA,NA,NA,"IN","IN","IN","IN","IN","OUT",NA,NA,NA,NA
"61",6,"Dorret","Conway",53,"Accountant","Penwortham, Lancashire","Madeira Cake with Candied Lemons","Almond and Apricot Biscotti with Amber Sugar Crystals","Walnut and Stilton Soda Breads",NA,NA,NA,NA,NA,NA,NA,"Enchanted Forest Gâteau","Box of Frogs","Unmade Bread",NA,NA,NA,NA,NA,NA,NA,5,1,6,NA,NA,NA,NA,NA,NA,NA,"IN","IN","OUT",NA,NA,NA,NA,NA,NA,NA
"62",6,"Flora","Shedden",19,"Art gallery assistant","Dunkeld, Perth and Kinross","Blood Orange Madeira Cake","Wedding Biscotti","Fig and Hazelnut Rye Breads","Rhubarb and Ginger Crème Brûlées","Pistachio, Apple and Cardamom Madeleine Cake","Apricot and Rosemary Frangipane Tart","Game Pie with Shallot and Apple Chutney","Peach & Lemon Thyme and Smoked Almond & Butterscotch Cream Horns","Passion Fruit and Chocolate Tart",NA,"Black Forest Gâteau","Honey and Earl Grey Tea Box","Herb Couture","Elderflower and Granola Cheesecakes","Chocolate and Pear Bûche","Asparagus and Parma Ham and Praline and Chocolate Vol-au-vents","Raspberry, Pomegranate and Champagne Charlotte Russe","Lime & Basil and Coconut & White Chocolate Religieuse à l'ancienne","Cocoa Carousel",NA,6,2,2,3,3,2,4,3,1,NA,"IN","IN","IN","IN","IN","IN","IN","IN","OUT",NA
"63",6,"Ian","Cumming",41,"Travel photographer","Great Wilbraham, Cambridgeshire","Somewhere West of Madeira Cake","Orange, Rosemary and Almond Biscotti","Wild Garlic Pesto Soda Breads","Pomegranate Two Ways Crème Brûlées","Honey and Flowers Cake","Pear and Raspberry Frangipane Tart","Roadkill Pie","Mont Blanc & Black Forest Gâteau Horns","Chocolate and Bay Tart","Elderflower and Lemon & Spiced Buns","Black Forest Cherry Tree","Sandwich de la Confiture","Flour Power","Trio of Spicy and Herby Baked Cheesecakes","Dessert Island","vol-au-vents Terre et Mer","Victoria's Crown Charlotte Russe","Nun with Hidden Passions","Chocolate Well","Colossal Curvy Carrot Cake",8,3,1,4,5,3,5,2,3,2,"IN","STAR BAKER","STAR BAKER","STAR BAKER","IN","IN","IN","IN","IN","Runner-up"
"64",6,"Marie","Campbell",66,"Retired","Auchterarder, Perthshire","Zingy Citrus Madeira Cake","Biscotti Italiano",NA,NA,NA,NA,NA,NA,NA,NA,"A Walk in the Black Forest","Russian Box",NA,NA,NA,NA,NA,NA,NA,NA,3,11,NA,NA,NA,NA,NA,NA,NA,NA,"STAR BAKER","OUT",NA,NA,NA,NA,NA,NA,NA,NA
"65",6,"Mat","Riley",37,"Fire fighter","London","Gin and Tonic Madeira Cake","Pistachio, Cranberry and White Chocolate Biscotti","Jalapeño, Mexican Cheddar and Smoked Salt Soda Breads","Coconut Crème Brûlées","Sugar Free Carrot Cake","Piña Colada Frangipane Tart","Raised Venison and Pigeon Pie",NA,NA,NA,"Black Forest Gateau","Gingerbread Fire Engine","Curry Inspired Brighton Pavilion","Chocolate Bar Cheesecakes","Raspberry and Coconut Ice Cream Roll","His 'n' Hers Vol-au-vents","Strawberry Charlotte Russe",NA,NA,NA,7,5,8,7,4,1,6,NA,NA,NA,"IN","IN","IN","IN","IN","STAR BAKER","OUT",NA,NA,NA
"66",6,"Nadiya","Hussain",30,"Full-time mother","Leeds / Luton","Orange and Green Cardamom Madeira Cake","Coconut, Fennel and Pistachio Biscotti","Mexican Bread with Warm Tomato Salsa","Cinnamon Tea Crème Brûlées","Naked Blueberry and Caraway Crunch Cake","Bay Leaf, Rong Tea and Pear Tart","Aromatic Raised Game Pie","Rose Pistachio and Mocha Hazelnut Horns","Peanut Salted Caramel and Chocolate Tart","Cardamom and Almond Buns & Nutmeg and Sour Cherry Fingers","Quadruple Chocolate Black Forest Gâteau","Box of Fortunes","Snake Charmer's Basket","Fizzy Pop Cheesecakes","Chocolate and Strawberry Lime Ice Cream Roll","Bengali Korma and Clementine with Cod Vol-au-vents","Mango and Raspberry Charlotte Russe","Bubble Gum and Peppermint Cream Religieuse à l'ancienne","Peacock in Nan's Door","My Big Fat British Wedding Cake",12,9,9,8,1,4,1,1,4,1,"IN","IN","IN","IN","STAR BAKER","IN","IN","STAR BAKER","STAR BAKER","WINNER"
"67",6,"Paul","Jagger",49,"Prison governor","Swansea, Wales","Lemon, Ginger and Caraway Seed Madeira Cake","Chocolate, Hazelnut and Fig Biscotti","Cranberry and Orange Sweet Soda Breads","Almond Crème Brûlées","Carrot & Pecan Cake","Christmas Frangipane Tart","Not a Boaring Pie","Café Tipple & Banana Crunch-away Horns",NA,NA,"Black Forest Chocolate Creation","Memory Box","King of the Jungle","Berry Cheesecake Tower","Dessert Island Getaway","Savoury and Sweet Bouchées","Charlotte Rose","Religieuse à l'ancienne",NA,NA,10,10,10,1,2,5,2,5,NA,NA,"IN","IN","IN","IN","IN","IN","IN","OUT",NA,NA
"68",6,"Sandy","Docherty",49,"Child welfare officer","Yeadon, West Yorkshire","Madeira Cake with Almond Liqueur and Chopped Apricots","Chocolate Chunk and Hazelnut Biscotti","Soda Breads with Smoked Bacon and Onion","Pontefract Crème Brûlées",NA,NA,NA,NA,NA,NA,"Black Forest Gâteau","Sundried Tomato Cheese Biscuit Box","Basket of Bread Flowers with a Walnut and Blue Cheese Centre","Cassata, Whisky and Orange & Apple Pie Cheesecakes",NA,NA,NA,NA,NA,NA,9,4,7,6,NA,NA,NA,NA,NA,NA,"IN","IN","IN","OUT",NA,NA,NA,NA,NA,NA
"69",6,"Stu","Henshall",35,"Professional musician","Guildford, Surrey","Marley Madeira Cake",NA,NA,NA,NA,NA,NA,NA,NA,NA,"Purple Forest Gâteau",NA,NA,NA,NA,NA,NA,NA,NA,NA,11,NA,NA,NA,NA,NA,NA,NA,NA,NA,"OUT",NA,NA,NA,NA,NA,NA,NA,NA,NA
"70",6,"Tamal","Ray",29,"Trainee anaesthetist","Manchester","Pistachio and Rose Madeira Cake","Cinnamon, Maple and Cranberry Biscotti","Fig, Cheese and Walnut Breads","Rhubarb and Ginger Crème Brûlées","Honey and Grapefruit Polenta Cake","Spiced Pear Frangipane Tart","Middle Eastern Game Pie","Lime & Mascarpone and Malt Cream Horns","Chocolate New York Pie","Cinnamon and Apple & Toffee and Marmalade Iced Buns","Black Forest Gâteau in a Chocolate Shell","Chessboard Box","Breadcycle","Mango, Hazelnut and Rosemary Cheesecake Trio","Passion Fruit and Pineapple Ice Cream Roll","Fennel and Rosemary Pulled Pork and Chicken and Coriander vol-au-vents","Spiced Blackberry, Raspberry and Cardamom Charlotte Russe","Passionfruit & Mango and Pistachio & Raspberry Religieuse à l'ancienne","Chocolate Bell Tower","Sticky Toffee Pudding Cake",4,8,3,5,7,7,3,4,2,3,"IN","IN","IN","IN","IN","IN","STAR BAKER","IN","IN","Runner-up"
"71",6,"Ugnė","Bubnaityte",32,"PA and administrator","Woodford, London / Vilkaviškis, Lithuania","Lemon and Thyme Madeira Cake","White Wine Biscotti","Chocolate Quick Breads with Salted Caramel Sauce","Marula Fruit and Coffee Liqueur Crème Brûlées","Chocolate and Hazelnut Sugar-Free Cake",NA,NA,NA,NA,NA,"Falling Cup Gâteau","Baby Climbing into the Cookie Box","Easter Basket","Lime, Coconut and Hazelnut Cheesecakes","Chocolate, Peanut Butter and Grape Jam Roll",NA,NA,NA,NA,NA,1,7,5,2,6,NA,NA,NA,NA,NA,"IN","IN","IN","IN","OUT",NA,NA,NA,NA,NA
"72",7,"Andrew","Smyth",25,"Aerospace engineer","Derby / Holywood, County Down","Lemon and Rosemary Drizzle Cake","Beehive Biscuits","Chocolate Barmbrack Bread","Yorkshire 'Tapas' Puddings","Mum and Dad's Breakfast Pastries","Tangy Lime and Ginger Meringue Pie","Tropical Holiday Roulade","Da Vinci Inspired Geared Pies","Cheesy Elephant Ears and Herby Treble Clefs","Crunchy Caramel Cassis Crown","'Ultimate Indulgence' Mirror Glaze Cake","Punting in Cambridge","Braided Harvest Bread Basket","Churros Window Box","Spicy Chorizo Squash Parcels and Baklava Bites","Spring Elderflower Trio","Childhood Ice Cream Mousse Cakes","Jousting Knights Marchpane","Philharmonic Fondants","Family and Friends' Favourites Picnic",12,4,2,4,6,6,1,2,2,1,"IN","IN","IN","IN","IN","IN","STAR BAKER","IN","STAR BAKER","Runner-up"
"73",7,"Benjamina","Ebuehi",23,"Teaching assistant","South London","Pistachio, Cardamom and Lemon Drizzle Cake","Bouquet Biscuits","Chocolate, Tahini and Almond Babka","Red Onion Chutney, Brie and Bacon Yorkshire Puddings","'Good Morning America' Swirls and Peanut Butter and Banana Pinwheels","Grapefruit and Ginger Meringue Pie","Piña Colada Roulade","Mexican Adventure",NA,NA,"White Chocolate Mirror Glaze with Salted Praline Buttercream","New York, New York","Braided Bread Heart","Tropical Churros","Plantain and Spinach Samosas and Chai Pear Cups","Floral Tea Cake","Apple Crumble Mousse Cake and Chocolate Coffee Mousse Cake","Tudor Garden",NA,NA,6,3,6,1,5,2,3,4,NA,NA,"IN","IN","IN","STAR BAKER","IN","IN","IN","OUT",NA,NA
"74",7,"Candice","Brown",31,"PE teacher","Barton-Le-Clay, Bedfordshire","Raspberry and Rhubarb Drizzle Custard Bundt Cake","Salted Caramel, Chocolate Iced Shiny Hearts","Chocolate, Salted Caramel & Pecan Brittle Brioche Loaf","Yorkshire Wellingtons","Danish Pastry Croque Monsieur Kites and Cinnamon Apple, Vanilla Crème Rose Danish","Lime, Coconut and Lemongrass Sugar Meringue Pie","Crowd Pleaser Roulade","Cheesy Cheeky Fish Pies","Red Onion, Cambozola and Walnut Palmiers and Mushroom, Streaky Bacon, and Parmesan Palmiers","Queen Victoria's Mango and Strawberry Crown","Mirror Mirror On The Wall, Who Is The Shiniest Cake Of Them All?","Gingerbread Pub with Sticky Ginger Carpet","Italian Light and Dark Rye Twist","Two-Way Peanut Butter Churros","Sausage, Black Pudding and Apple Rounds and Banoffee Whiskey Cups","Four Seasons Cake","Blackberry and Raspberry Bubbles and After Dinner Mousse","Peacock","Chocolate Praline Fondant Fancies and Cherry Bakewell Fondant Fancies","Picnic for Pearly Kings and Queens",5,8,3,2,2,5,2,1,3,2,"IN","STAR BAKER","IN","IN","STAR BAKER","IN","IN","STAR BAKER","IN","WINNER"
"75",7,"Jane","Beedle",61,"Garden designer","Beckenham","Lemon and Poppy Seed Drizzle Cake","Flower Pot Iced Biscuits","Chocolate and Cranberry Couronne","Meat and Two Veg Yorkshires","Orange Pain au Raisins, Raspberry, Chocolate and Almond Danish","Lime and Coconut Meringue Pie","Chocolate and Hazelnut Roulade","Tudor Rose Pies","Pesto and Sundried Tomato Palmiers and Goats Cheese, Olive and Parma Ham Palmiers","Red, White and Blue Meringue Crown","Chocolate Orange Mirror Cake","Hastings Old Town Fishing Net Shops and Boat","Chorizo and Chilli Flower with Parmesan and Pesto Centre","Pistachio and White Chocolate Churros","Roquefort, Fig and Walnut Parcels and Cherry and Chocolate Cones","Three Tier Orange Cake with a Floral Chocolate Collar","Chocolate, Coffee, and Vanilla Joconde Cakes and Blackcurrant and Vanilla Ombre Mousses","Swans","Pistachio and Raspberry Fondant Fancies and Lemon Curd Surprise Fondant Fancies","Family Favourites Feast",7,2,9,3,1,4,4,5,1,3,"STAR BAKER","IN","IN","IN","IN","IN","IN","IN","IN","Runner-up"
"76",7,"Kate","Barmby",37,"Nurse","Brooke, Norfolk","Berry Best Apple and Bramble Drizzle Cake","""A Biscuit for the Broads""","Cobbled Loaf","Christmas Dinner Compromise",NA,NA,NA,NA,NA,NA,"One Swallow Does Not Make A Summer Cake","""I Promise I will do my best""","The Corn Maiden","Hot Cross Bunny Churros",NA,NA,NA,NA,NA,NA,4,1,8,7,NA,NA,NA,NA,NA,NA,"IN","IN","IN","OUT",NA,NA,NA,NA,NA,NA
"77",7,"Lee","Banfield",67,"Pastor","Bolton","St. Clements Orange and Lemon Drizzle Cake",NA,NA,NA,NA,NA,NA,NA,NA,NA,"Strawberry Surprise Mirror Cake",NA,NA,NA,NA,NA,NA,NA,NA,NA,11,NA,NA,NA,NA,NA,NA,NA,NA,NA,"OUT",NA,NA,NA,NA,NA,NA,NA,NA,NA
"78",7,"Louise","Williams",46,"Hairdresser","Cardiff","Orange Liqueur and Lemonade Drizzle Cake","Baa Bara Brith Biscuits",NA,NA,NA,NA,NA,NA,NA,NA,"White Chocolate Trifle Mirror Glaze Cake","Gingerbread Wedding",NA,NA,NA,NA,NA,NA,NA,NA,9,10,NA,NA,NA,NA,NA,NA,NA,NA,"IN","OUT",NA,NA,NA,NA,NA,NA,NA,NA
"79",7,"Michael","Georgiou",20,"Student","Durham","Lime, Ginger and Honey Drizzle Cake","Malt, Chocolate and Orange Iced ""Beer"" Biscuits","Chocolate and Chilli Swirl Plait",NA,NA,NA,NA,NA,NA,NA,"Matcha Tea Chocolate Mirror Glaze","Trip to See Santa in Lapland","Cypriot Dove and Olive Branch Plaited Loaf with Houmous",NA,NA,NA,NA,NA,NA,NA,3,9,7,NA,NA,NA,NA,NA,NA,NA,"IN","IN","OUT",NA,NA,NA,NA,NA,NA,NA
"80",7,"Rav","Bansal",28,"Student support","Erith","Ginger Spice Yuzu Drizzle Cake","Union Jack Bunting Biscuits","Chocolate, Cardamom and Hazelnut Loaf","Thai Tofu Panang Yorkshires","Cinnamon Swirls and Pecan, Walnut and Maple Plaits","Mandarin Margarita Meringue Pie",NA,NA,NA,NA,"Colombian Mocha Mirror Glaze Cake","Gingerbread Christmas Fairground","Three Tier Diwali Bread Centrepiece","Three Dip Matcha Pistachio Churros","Chinese Style Prawn Filo Tartlets and Spiced White Chocolate and Hazelnut Samosas","Blossom Cake",NA,NA,NA,NA,8,6,10,9,8,3,NA,NA,NA,NA,"IN","IN","IN","IN","IN","OUT",NA,NA,NA,NA
"81",7,"Selasi","Gbormittah",30,"Client service associate","London","Citrus and Spice Drizzle Cake","""Wheelie Hot Iced Biscuits""","Chocolate, Orange and Cinnamon Bread","Perfect Sunday Roast Accompaniment","Rhubarb, Mango and Ginger Plait, and Pineapple and Coconut Pinwheels","Grapefruit, Orange and Mint Meringue Pie","Summer Picnic Roulade","Bouquet of Flowers","Sundried Tomato, Onion, Peppers and Parmesan Palmiers and Salmon, Spinach and Mushroom Palmiers",NA,"Raspberry, Sloe and White Chocolate Mirror Glaze Cake","Stained Glass Window Gingerbread Church","Bedouin Escape Tear and Share Bread","Lemon and Anise Churros","Parma Ham, Asparagus and Cheese Filo Cigars and Coffee Cream Filo Cups","Three Tiered Ombré Floral Cake","Lemon, Strawberry and Passionfruit and Chocolate and Mint Mini Mousse Cakes","Fruity Tudor Marchpane","Lime and Ginger Fondant Fancies and Pink Velvet and Raspberry Prosecco Fondant Fancies",NA,1,11,5,8,3,7,6,3,4,NA,"IN","IN","IN","IN","IN","IN","IN","IN","OUT",NA
"82",7,"Tom","Gilliford",26,"Project engagement manager","Rochdale","G&T Drizzle Cake","Chai Frappelatteccino Biscuits","Chocolate Orange and Chilli Swirl Bread","West Yorkshire Fusion Puddings","Mega Breakfast Bonanzas; Granola Spirals and Wheat Foldovers","Blood Orange Halloween Pumpkin Pie","Millionaire's Roulade",NA,NA,NA,"Black Forest Broken Mirror","Tom and Pod's Near Death Experience","Jörmungandr and Mjölnir","Fennel Churros Snake In The Grass","Yin and Yang Amuse-bouche","Floral Tea Cake","Hipster Picnic",NA,NA,NA,2,7,4,5,4,1,5,NA,NA,NA,"IN","IN","STAR BAKER","IN","IN","STAR BAKER","OUT",NA,NA,NA
"83",7,"Val","Stones",66,"Semi-retired, Substitute teacher","Yeovil","Mum's Orange and Lemon Drizzle","Sunday Treat Iced Ice Cream Cone Biscuits","Double Chocolate Cinnamon Twist Loaf","Mum's Chilli Yorkshire Puddings","Pecan and Maple Syrup Pinwheels and Apple, Sultana and Cinnamon Swirls",NA,NA,NA,NA,NA,"Chocolate Sponge with Four Fruit Frosting","From Holland to New York via Yorkshire","""And They All Went Into The Ark To Get Out Of The Rain""","Orange Chocolate Churros","Caramelised Red Onion, Goats Cheese Tartlets and Mincemeat and Apple Spiced Parcels",NA,NA,NA,NA,NA,10,5,1,6,7,NA,NA,NA,NA,NA,"IN","IN","IN","IN","OUT",NA,NA,NA,NA,NA
"84",8,"Chris","Geiger",50,"Software developer","Bristol","Tropical Fresh Fruit Cake","Chocolate Chia Seed Biscuits with Whisky Caramel Filling",NA,NA,NA,NA,NA,NA,NA,NA,"'Raised Pork Pie and Egg Surprise' Cake","'The Great British Sail Off' Game",NA,NA,NA,NA,NA,NA,NA,NA,12,11,NA,NA,NA,NA,NA,NA,NA,NA,"IN","OUT",NA,NA,NA,NA,NA,NA,NA,NA
"85",8,"Yan","Tsou",46,"Laboratory research scientist","North London","Windfall Apple Crumble Cake","'Mrs. Marian's PB 'n' B' Biscuits","'Mrs P's' Masala Chai Spiced Teacakes","'Lil' Red's Ginger and Nuts' Millionaire Shortbreads","Mango Fruit Hat Steamed School Pudding","'πr2' Decorative Pies","Cannoli Cocktails",NA,NA,NA,"'Banana-ramen' Cake","'Adventures in Bakeland' Game","'Basil the Vegetarian Dragon with his Pumpkin Hoard' Bread Sculpture","Animals of the Rainforest Caramel Cake","'Heart of a Hero' Trifle Terrine","Chequerboard Pie","Canadian-Style Sfogliatelle",NA,NA,NA,4,1,8,8,6,1,5,NA,NA,NA,"IN","IN","IN","IN","IN","IN","OUT",NA,NA,NA
"86",8,"Flo","Atkins",71,"Retired","Merseyside","Citrus Layer Cake","Gin Jam Butties","Cinnamon and Orange Teacakes",NA,NA,NA,NA,NA,NA,NA,"'One in a Melon' Cake","'Pick My Bones' Game","'Davy Jones' Locker' Bread Sculpture",NA,NA,NA,NA,NA,NA,NA,9,10,7,NA,NA,NA,NA,NA,NA,NA,"IN","IN","OUT",NA,NA,NA,NA,NA,NA,NA
"87",8,"James","Hillery",46,"Banker","Brentwood, Essex","Orange, Rhubarb & Ginger Crumble Cake","Rhubarb and Custard Whirls","Nordic Teacakes","'Windy City' Millionaire Shortbreads","Orange and Ginger Steamed School Pudding",NA,NA,NA,NA,NA,"'Mock-accino and Croissant' Cake","'Coppit' Game","'Owl in the Woods' Bread Sculpture","Nutty Caramel Cake","'The Missed Silver Jubilee' Trifle Terrine",NA,NA,NA,NA,NA,2,3,9,2,7,NA,NA,NA,NA,NA,"IN","IN","IN","IN","OUT",NA,NA,NA,NA,NA
"88",8,"Julia","Chernogorova",21,"Aviation Broker","Crawley, West Sussex","Courgette and Lemon Cake","Middle Eastern Delight Sandwich Biscuits","Earl Grey Dried Fruit Teacakes","Pecan Salted Caramel Millionaire Shortbreads","Orange & Treacle Steamed School Pudding","'Pies from the Tree' Decorative Pies",NA,NA,NA,NA,"'Russian Doll' Cake","'A British Baking' Game","'The Snail Under a Mushroom' Bread Sculpture","Poppy Seed Caramel Cake","'Opulent Ornament' Trifle Terrine","'Special Occasion' Pie",NA,NA,NA,NA,3,4,2,9,3,7,NA,NA,NA,NA,"IN","IN","STAR BAKER","IN","IN","OUT",NA,NA,NA,NA
"89",8,"Kate","Lyon",29,"Health and safety inspector","Merseyside","Moroccan Strawberry and Rose Cake","Coconut Seashells for a Titanic Afternoon Tea","Blueberry Buns","Salted Bay Caramel Millionaire Shortbreads","'Mr Darcy's Steamy Lake Scene' Steamed School Pudding","'Vegetarian Pie Faces' Decorative Pies","'Happy Hour' Cocktail Cannoli","Burrito Bedfordshire Clangers","Bellini and Valencian Orange Choux Buns","Roman Spelt, Coconut Kala Chana and Flower Breads","'Chocolate Terrarium' Cake","'Jungle' Game","'Kraken' Bread Sculpture","Sticky Toffee Apple Caramel Cake","'My Great Great Nan's' Raspberry Trifle Terrine","Potato Curry Pie with Mango & Chilli Glaze","'Flavour Fusion' Sfogliatelle","'Liver Building Turret' Savoy Cake","'Rainbow' Meringue Centrepiece","White Chocolate, Yuzu and Lychee Entremet",1,8,10,6,8,5,6,2,4,3,"IN","IN","IN","STAR BAKER","IN","IN","IN","IN","IN","Runner-up"
"90",8,"Liam","Charles",19,"Student","North London","Apple and Almond Crumble Maple Loaf","Coffee Malted Pecan Shorties","Jamaican Spiced Teacakes","Salted Peanut Butter Millionaire Shortbreads","Cherries & Lemons that are 'Baked Well'","'Standard FC' Decorative Pies","'Just Doing Me' Cannoli","'Take Out' Bedfordshire Clangers",NA,NA,"'Stackin' Sunday' Cake","'Classroom Classics' Game","'Kneadapolitan' Bread Sculpture","White Layered Ginger Caramel Cake","'Cheers Lads' Trifle Terrine","'Nan's Sunday Dinner' Pie","'Morning Delivery' Sfogliatelle","'Fort Wizardore' Savoy Cake",NA,NA,8,7,5,3,2,4,2,5,NA,NA,"IN","IN","IN","IN","IN","STAR BAKER","IN","OUT",NA,NA
"91",8,"Peter","Abatan",52,"IT programme manager","Southend, Essex","Coconut Cake",NA,NA,NA,NA,NA,NA,NA,NA,NA,"'Bread on a Breadboard' Cake",NA,NA,NA,NA,NA,NA,NA,NA,NA,10,NA,NA,NA,NA,NA,NA,NA,NA,NA,"OUT",NA,NA,NA,NA,NA,NA,NA,NA,NA
"92",8,"Sophie","Faldo",33,"Former army officer and trainee stuntwoman","West Molesey, Surrey","Pineapple and Coconut Sandwich Cake","Lemon Limoncino Sandwich Biscuits","Tagine Teacakes","Jaffa Millionaire Shortbreads","Ginger, Fig and Honey Steamed School Pudding","'The Four Seasons' Decorative Pies","'Classics with a Twist' Cannoli","Char Siu & Banana Praline Bedfordshire Clangers","Strawberry & Rhubarb and Chestnut & Vanilla Choux Buns","Spelt Boules, Mushroom Ciabatta and Orange Plaited Brioche","'Champagne Bottle and Bucket' Cake","'Snakes and Ladders' Game","'Picnic Basket' Bread Sculpture","Bird's Nest Caramel Cake","Raspberry, Yuzu & White Chocolate Bûche Trifle Terrine","Game Pie with Glazed Forest Fruits","'Classics' Sfogliatelle","Citrus with Green Apple Croquembouche Savoy Cake","'Tutu with Opera Filling' Meringue Centrepiece","'Ode to the Honey Bee' Entremet",5,2,6,4,1,2,3,4,1,2,"IN","IN","IN","IN","STAR BAKER","IN","IN","IN","STAR BAKER","WINNER"
"93",8,"Stacey","Hart",42,"Former school teacher","Radlett, Hertfordshire","Granny Smith Apple and Walnut Cake","Sparkly Chocolate and Marshmallow Fluff Cookies","Cranberry and Cinnamon Teacakes","Rum Salted Caramel Millionaire Shortbreads","Bakewell Tart Steamed School Pudding","'Love Theme' Decorative Pies","My All Time Favourite Desserts","Camembert & Onion and Apple & Blueberry Bedfordshire Clangers","'Choux-nicorn and Choux-moji' Choux Buns",NA,"'Black Evening Clutch Bag' Cake","'Get to School' Game","'Ascot Hat' Bread Sculpture","Chocolate and Coffee Caramel Cake","Tropical Trifle Terrine","Indian Hand Raised Pie with Mango","Pastry Surprise","'Bright' Lemon & Orange Savoy Cake","'Flamingos in Love' Meringue Centrepiece",NA,11,9,1,1,4,6,4,3,2,NA,"IN","IN","IN","IN","IN","IN","IN","STAR BAKER","OUT",NA
"94",8,"Steven","Carter-Bailey",34,"Marketer","Watford, Hertfordshire","Bonfire Night Cake","Amarpressi Biscuits","Madras Cocktail Teacakes","Orange Macadamia Nut Millionaire Shortbreads","Lemon & Blackcurrant Drizzle Steamed School Pudding","'Fleetwood Mac' Decorative Pies","Italian Style Cannoli","'Mediterranean Medley' Bedfordshire Clangers","Key Lime Cheesecake and Bakewell Tart Choux Buns","Spelt & Rye, Toasted Garlic & Fontina and Sweet Chocolate Breads","'A Baker's Lunch' Cake","'Check Bake' Game","'The Bag I Knead' Bread Sculpture","Caramel Crown Cake","'From Across the Jelly Pond' Trifle Terrine","Christmas Pie","'Sicilian-style' Sfogliatelle","Chestnut Rum Savoy Cake","'Some Air Over the Rainbow' Meringue Centrepiece","'Yin Yang' Entremet",6,6,3,7,5,3,1,1,3,1,"STAR BAKER","STAR BAKER","IN","IN","IN","IN","STAR BAKER","IN","IN","Runner-up"
"95",8,"Tom","Hetherington",29,"Architect","Edinburgh","Gilded Pear and Cardamom Cake","Coffee and Amaretto Kisses","Orange and Cranberry Teacakes","Stem Ginger Caramel Shortbreads",NA,NA,NA,NA,NA,NA,"'Stack of Books' Cake","'Drain Pipes and Ladders' Game","'Pink & Yellow Rose Centrepiece' Bread Sculpture","Hummingbird Cake",NA,NA,NA,NA,NA,NA,7,5,4,5,NA,NA,NA,NA,NA,NA,"IN","IN","IN","OUT",NA,NA,NA,NA,NA,NA
"96",9,"Antony","Amourdoux",30,"Banker","London",NA,NA,NA,NA,NA,NA,NA,NA,NA,NA,NA,NA,NA,NA,NA,NA,NA,NA,NA,NA,12,9,8,NA,NA,NA,NA,NA,NA,NA,"IN","IN","OUT",NA,NA,NA,NA,NA,NA,NA
"97",9,"Briony","Williams",33,"Full-time parent","Bristol",NA,NA,NA,NA,NA,NA,NA,NA,NA,NA,NA,NA,NA,NA,NA,NA,NA,NA,NA,NA,2,5,9,5,6,1,5,1,3,NA,"IN","IN","IN","IN","IN","STAR BAKER","IN","IN","OUT",NA
"98",9,"Dan","Beasley-Harling",36,"Full-time parent","London",NA,NA,NA,NA,NA,NA,NA,NA,NA,NA,NA,NA,NA,NA,NA,NA,NA,NA,NA,NA,4,3,6,1,2,6,NA,NA,NA,NA,"IN","IN","IN","STAR BAKER","IN","OUT",NA,NA,NA,NA
"99",9,"Imelda","McCarron",33,"Countryside recreation officer","County Tyrone",NA,NA,NA,NA,NA,NA,NA,NA,NA,NA,NA,NA,NA,NA,NA,NA,NA,NA,NA,NA,11,NA,NA,NA,NA,NA,NA,NA,NA,NA,"OUT",NA,NA,NA,NA,NA,NA,NA,NA,NA
"100",9,"Jon","Jenkins",47,"Blood courier","Newport",NA,NA,NA,NA,NA,NA,NA,NA,NA,NA,NA,NA,NA,NA,NA,NA,NA,NA,NA,NA,5,1,2,3,7,2,4,NA,NA,NA,"IN","IN","IN","IN","IN","IN","OUT",NA,NA,NA
"101",9,"Karen","Wright",60,"In-store sampling assistant","Wakefield",NA,NA,NA,NA,NA,NA,NA,NA,NA,NA,NA,NA,NA,NA,NA,NA,NA,NA,NA,NA,6,11,5,7,9,NA,NA,NA,NA,NA,"IN","IN","IN","IN","OUT",NA,NA,NA,NA,NA
"102",9,"Kim-Joy","Hewlett",27,"Mental health specialist","Leeds",NA,NA,NA,NA,NA,NA,NA,NA,NA,NA,NA,NA,NA,NA,NA,NA,NA,NA,NA,NA,10,4,10,6,4,5,6,2,2,1,"IN","IN","IN","IN","STAR BAKER","IN","STAR BAKER","IN","IN","Runner-up"
"103",9,"Luke","Thompson",30,"Civil servant/house and techno DJ","Sheffield",NA,NA,NA,NA,NA,NA,NA,NA,NA,NA,NA,NA,NA,NA,NA,NA,NA,NA,NA,NA,8,7,NA,NA,NA,NA,NA,NA,NA,NA,"IN","OUT",NA,NA,NA,NA,NA,NA,NA,NA
"104",9,"Manon","Lagrave",26,"Software project manager","London",NA,NA,NA,NA,NA,NA,NA,NA,NA,NA,NA,NA,NA,NA,NA,NA,NA,NA,NA,NA,3,6,3,8,5,4,2,4,NA,NA,"STAR BAKER","IN","IN","IN","IN","IN","IN","OUT",NA,NA
"105",9,"Rahul","Mandal",30,"Research scientist","Rotherham",NA,NA,NA,NA,NA,NA,NA,NA,NA,NA,NA,NA,NA,NA,NA,NA,NA,NA,NA,NA,7,2,4,4,3,3,1,5,4,2,"IN","STAR BAKER","STAR BAKER","IN","IN","IN","IN","IN","IN","WINNER"
"106",9,"Ruby","Bhogal",29,"Project manager","London",NA,NA,NA,NA,NA,NA,NA,NA,NA,NA,NA,NA,NA,NA,NA,NA,NA,NA,NA,NA,1,10,7,2,1,7,3,3,1,3,"IN","IN","IN","IN","IN","IN","IN","STAR BAKER","STAR BAKER","Runner-up"
"107",9,"Terry","Hartill",56,"Retired air steward","West Midlands",NA,NA,NA,NA,NA,NA,NA,NA,NA,NA,NA,NA,NA,NA,NA,NA,NA,NA,NA,NA,9,8,1,NA,8,NA,NA,NA,NA,NA,"IN","IN","IN","[a]","OUT",NA,NA,NA,NA,NA
"108",10,"Alice","Fevronia",28,"Geography teacher","Essex",NA,NA,NA,NA,NA,NA,NA,NA,NA,NA,NA,NA,NA,NA,NA,NA,NA,NA,NA,NA,5,1,7,8,6,1,6,3,4,2,"IN","STAR BAKER","IN","IN","IN","IN","IN","IN","STAR BAKER","Runner-up"
"109",10,"Amelia","LeBruin",24,"Fashion designer","Halifax",NA,NA,NA,NA,NA,NA,NA,NA,NA,NA,NA,NA,NA,NA,NA,NA,NA,NA,NA,NA,4,9,11,NA,NA,NA,NA,NA,NA,NA,"IN","IN","OUT",NA,NA,NA,NA,NA,NA,NA
"110",10,"Dan","Chambers",32,"Support worker","Rotherham",NA,NA,NA,NA,NA,NA,NA,NA,NA,NA,NA,NA,NA,NA,NA,NA,NA,NA,NA,NA,9,NA,NA,NA,NA,NA,NA,NA,NA,NA,"OUT",NA,NA,NA,NA,NA,NA,NA,NA,NA
"111",10,"David","Atherton",36,"International health adviser","Whitby",NA,NA,NA,NA,NA,NA,NA,NA,NA,NA,NA,NA,NA,NA,NA,NA,NA,NA,NA,NA,10,2,2,2,9,2,2,1,2,1,"IN","IN","IN","IN","IN","IN","IN","IN","IN","WINNER"
"112",10,"Helena","Garcia",40,"Online project manager","Leeds",NA,NA,NA,NA,NA,NA,NA,NA,NA,NA,NA,NA,NA,NA,NA,NA,NA,NA,NA,NA,12,12,8,9,1,NA,NA,NA,NA,NA,"IN","IN","IN","IN","OUT",NA,NA,NA,NA,NA
"113",10,"Henry","Bird",20,"Student","Durham",NA,NA,NA,NA,NA,NA,NA,NA,NA,NA,NA,NA,NA,NA,NA,NA,NA,NA,NA,NA,1,6,1,3,3,4,3,5,NA,NA,"IN","IN","IN","IN","IN","IN","STAR BAKER","OUT",NA,NA
"114",10,"Jamie","Finn",20,"Part-time waiter","Surrey",NA,NA,NA,NA,NA,NA,NA,NA,NA,NA,NA,NA,NA,NA,NA,NA,NA,NA,NA,NA,13,11,NA,NA,NA,NA,NA,NA,NA,NA,"IN","OUT",NA,NA,NA,NA,NA,NA,NA,NA
"115",10,"Michael","Chakraverty",26,"Theatre manager/fitness instructor","Stratford-upon-Avon",NA,NA,NA,NA,NA,NA,NA,NA,NA,NA,NA,NA,NA,NA,NA,NA,NA,NA,NA,NA,11,4,6,7,8,6,5,NA,NA,NA,"IN","IN","STAR BAKER","IN","IN","IN","OUT",NA,NA,NA
"116",10,"Michelle","Evans-Fecci",35,"Print shop administrator","Tenby, Wales",NA,NA,NA,NA,NA,NA,NA,NA,NA,NA,NA,NA,NA,NA,NA,NA,NA,NA,NA,NA,6,8,5,5,7,NA,NA,NA,NA,NA,"STAR BAKER","IN","IN","IN","OUT",NA,NA,NA,NA,NA
"117",10,"Phil","Thorne",56,"HGV driver","Rainham",NA,NA,NA,NA,NA,NA,NA,NA,NA,NA,NA,NA,NA,NA,NA,NA,NA,NA,NA,NA,8,3,10,6,NA,NA,NA,NA,NA,NA,"IN","IN","IN","OUT",NA,NA,NA,NA,NA,NA
"118",10,"Priya","O'Shea",34,"Marketing consultant","Leicester",NA,NA,NA,NA,NA,NA,NA,NA,NA,NA,NA,NA,NA,NA,NA,NA,NA,NA,NA,NA,7,7,4,10,2,7,NA,NA,NA,NA,"IN","IN","IN","IN","IN","OUT",NA,NA,NA,NA
"119",10,"Rosie","Brandreth-Poynter",28,"Veterinary surgeon","Somerset",NA,NA,NA,NA,NA,NA,NA,NA,NA,NA,NA,NA,NA,NA,NA,NA,NA,NA,NA,NA,2,5,9,4,5,5,1,2,1,NA,"IN","IN","IN","IN","IN","IN","IN","IN","OUT",NA
"120",10,"Steph","Blackwell",28,"Shop assistant","Chester",NA,NA,NA,NA,NA,NA,NA,NA,NA,NA,NA,NA,NA,NA,NA,NA,NA,NA,NA,NA,3,10,3,1,4,3,4,4,3,3,"IN","IN","IN","STAR BAKER","STAR BAKER","STAR BAKER","IN","STAR BAKER","IN","Runner-up"
"121",2,"Joanne",NA,NA,NA,NA,NA,NA,NA,NA,NA,NA,NA,NA,NA,NA,NA,NA,NA,NA,NA,NA,NA,NA,NA,NA,11,10,1,8,6,1,3,1,NA,NA,"IN","IN","IN","IN","IN","STAR BAKER","IN","WINNER",NA,NA
